fir_id,date,state,city,crime_type,hour,day_of_week,is_weekend,latitude,longitude,description,location_name,status,priority
FIR-2024-08912,2024-11-14,Haryana,Gurugram,Cyber Fraud / Financial,23,Thursday,False,28.4912,77.0894,Victim targeted via social engineering and cloned SIM request at late night siphoning funds to mule accounts.,Sector 29 Financial Hub,UNDER INVESTIGATION,HIGH
FIR-2024-08918,2024-11-15,Haryana,Gurugram,Cyber Fraud / Financial,2,Friday,False,28.4880,77.0910,ATM skimming device detected at midnight with duplicate card clone attempts on corporate payroll accounts.,Cyber Greens Tower B,UNDER INVESTIGATION,HIGH
FIR-2024-09004,2024-11-16,Delhi (UT),North Delhi,Vehicle Theft,22,Saturday,True,28.6920,77.2130,Two-wheeler stolen from unlit residential perimeter parking using master key ignition bypass technique.,Model Town Ring Road,PENDING CHARGE,MEDIUM
FIR-2024-09015,2024-11-16,Delhi (UT),North Delhi,Robbery / Snatching,23,Saturday,True,28.6955,77.2085,Two masked suspects on a dark motorcycle snatched handbag and smartphone from commuter near subway exit.,GTB Nagar Metro Gate 3,UNDER INVESTIGATION,HIGH
FIR-2024-09033,2024-11-17,Delhi (UT),South Delhi,Burglary / Breaking-in,3,Sunday,True,28.5370,77.2435,Forced entry via rear alley window into commercial jewelry showroom during low-traffic predawn hours.,Greater Kailash Market,COURT TRIAL,HIGH
FIR-2024-09048,2024-11-18,Delhi (UT),New Delhi,Robbery / Snatching,19,Monday,False,28.6340,77.2215,Gold chain snatched by pillion rider on motorcycle in crowded bazaar bottleneck during peak evening transit.,Connaught Place Inner Circle,CLOSED,MEDIUM
FIR-2024-09062,2024-11-19,Karnataka,Bengaluru,Cyber Fraud / Financial,14,Tuesday,False,12.9716,77.5946,Phishing portal impersonating state electricity bill payment portal gathered OTP credentials from senior citizen.,Indiranagar 100ft Road,UNDER INVESTIGATION,MEDIUM
FIR-2024-09075,2024-11-20,Maharashtra,Mumbai,Vehicle Theft,1,Wednesday,False,19.0760,72.8777,Commercial delivery van hotwired and driven toward state border corridor with GPS tracker disabled.,Andheri East MIDC,CLOSED,HIGH
FIR-2024-09091,2024-11-21,Uttar Pradesh,Noida,Narcotics / NDPS,21,Thursday,False,28.5355,77.3910,Interception of contraband transit parcel hidden inside inter-state cargo consignment at logistics junction.,Sector 62 Freight Depot,COURT TRIAL,HIGH
FIR-2024-09102,2024-11-22,West Bengal,Kolkata,Assault / Grievous Hurt,23,Friday,False,22.5726,88.3639,Altercation between two groups near public night food stalls escalating to physical violence with blunt objects.,Park Street Night Corridor,PENDING CHARGE,HIGH
FIR-2024-09120,2024-11-23,Maharashtra,Pune,Public Nuisance & Gambling,20,Saturday,True,18.5204,73.8567,Unauthorized underground sports betting syndicate running inside basement club; equipment seized.,Viman Nagar Commercial Hub,CLOSED,LOW
FIR-2024-09134,2024-11-23,Delhi (UT),North Delhi,Robbery / Snatching,22,Saturday,True,28.6970,77.2110,Black motorcycle without registration plate intercepted pedestrian near park boundary and grabbed mobile device.,Civil Lines Ridge Road,UNDER INVESTIGATION,HIGH
FIR-2024-09148,2024-11-24,Haryana,Gurugram,Cyber Fraud / Financial,16,Sunday,True,28.4890,77.0870,Remote screen sharing malware application installed under guise of technical support for banking app update.,Golf Course Road,UNDER INVESTIGATION,HIGH
FIR-2024-09160,2024-11-25,Delhi (UT),South Delhi,Vehicle Theft,4,Monday,False,28.5340,77.2390,Luxury SUV stolen using electronic key frequency repeater attack from residential driveway.,Vasant Vihar Block C,UNDER INVESTIGATION,HIGH
FIR-2024-09172,2024-11-26,Maharashtra,Mumbai,Burglary / Breaking-in,2,Tuesday,False,19.0820,72.8810,Lock tampering and shutter shuttering at electronics warehouse; inventory taken in unmarked pickup truck.,Bandra Kurla Complex,PENDING CHARGE,HIGH
FIR-2024-09185,2024-11-27,Delhi (UT),East Delhi,Vehicle Theft,23,Wednesday,False,28.6270,77.2930,Sedan vehicle lifted from unmonitored hospital outdoor parking lot during night shift hours.,Mayur Vihar Phase 1,CLOSED,MEDIUM
FIR-2024-09199,2024-11-28,Maharashtra,Mumbai,Cyber Fraud / Financial,11,Thursday,False,19.0750,72.8750,Fake investment crypto portal promising 30% daily returns defrauded retail investor of funds.,Nariman Point Plaza,UNDER INVESTIGATION,MEDIUM
FIR-2024-09210,2024-11-29,Karnataka,Bengaluru,Assault / Grievous Hurt,22,Friday,False,12.9352,77.6245,Road rage incident following vehicle collision resulting in physical altercation and bodily injury.,Koramangala 80ft Road,COURT TRIAL,HIGH
FIR-2024-09225,2024-11-30,Delhi (UT),North Delhi,Vehicle Theft,3,Saturday,True,28.6960,77.2120,Multiple motorcycles stolen in single night from metro parking lot with clipped perimeter chain.,Vishwa Vidyalaya Metro,UNDER INVESTIGATION,HIGH
FIR-2024-09238,2024-12-01,Delhi (UT),South Delhi,Narcotics / NDPS,0,Sunday,True,28.5360,77.2420,Raid on private farmhouse party resulting in seizure of synthetic narcotics and unregistered alcohol.,Chattarpur Farm Zone,PENDING CHARGE,HIGH
FIR-2024-09250,2024-12-02,Uttar Pradesh,Noida,Burglary / Breaking-in,4,Monday,False,28.5380,77.3930,Commercial godown shutter lock cut using gas torch; copper coils and industrial cables removed.,Sector 63 Industrial Area,UNDER INVESTIGATION,MEDIUM
FIR-2024-09264,2024-12-03,Haryana,Gurugram,Cyber Fraud / Financial,15,Tuesday,False,28.4920,77.0860,Corporate email compromise directing wire transfer change of vendor banking details.,Udyog Vihar Phase 4,UNDER INVESTIGATION,HIGH
FIR-2024-09277,2024-12-04,Delhi (UT),East Delhi,Robbery / Snatching,21,Wednesday,False,28.6260,77.2980,Purse snatching outside vegetable market by motorcycle riders fleeing into narrow bypass lanes.,Patparganj Colony,CLOSED,LOW
FIR-2024-09289,2024-12-05,Madhya Pradesh,Indore,Public Nuisance & Gambling,23,Thursday,False,22.7196,75.8577,Open drinking and noise disturbance resulting in public brawl outside highway commercial complex.,Vijay Nagar Square,CLOSED,LOW
FIR-2024-09301,2024-12-06,Delhi (UT),New Delhi,Vehicle Theft,20,Friday,False,28.6320,77.2190,Parked motorcycle lifted from unattended street near railway reservation counter.,New Delhi Railway Station,PENDING CHARGE,MEDIUM
FIR-2024-09312,2024-12-07,Madhya Pradesh,Indore,Cyber Fraud / Financial,11,Saturday,True,22.7210,75.8600,UPI QR code phishing scam siphoning payments from local merchant account.,Palasia Market,UNDER INVESTIGATION,HIGH
FIR-2024-09325,2024-12-08,Madhya Pradesh,Bhopal,Burglary / Breaking-in,3,Sunday,True,23.2599,77.4126,House break-in during midnight hours while occupants were out of city.,Arera Colony,UNDER INVESTIGATION,HIGH
FIR-2024-09338,2024-12-09,Gujarat,Ahmedabad,Vehicle Theft,23,Monday,False,23.0225,72.5714,Scooter stolen from unmonitored market parking using master ignition key.,CG Road Commercial Zone,CLOSED,MEDIUM
FIR-2024-09350,2024-12-10,Tamil Nadu,Chennai,Robbery / Snatching,22,Tuesday,False,13.0827,80.2707,Chain snatching near bus stop by two-wheeler riders escaping into express arterial road.,Anna Nagar 5th Avenue,UNDER INVESTIGATION,HIGH
FIR-2024-09362,2024-12-11,Telangana,Hyderabad,Cyber Fraud / Financial,15,Wednesday,False,17.3850,78.4867,Work-from-home task investment scam defrauded software consultant via Telegram channel.,HITEC City Phase 2,UNDER INVESTIGATION,HIGH
FIR-2024-09375,2024-12-12,Rajasthan,Jaipur,Burglary / Breaking-in,2,Thursday,False,26.9124,75.7873,Commercial handicraft shop lock broken overnight; silver artifacts removed.,Johari Bazaar,COURT TRIAL,HIGH
FIR-2024-09388,2024-12-13,Punjab,Ludhiana,Assault / Grievous Hurt,21,Friday,False,30.9010,75.8573,Brawl outside highway eatery between rival transport operators.,Ferozepur Road,PENDING CHARGE,HIGH
FIR-2024-09401,2024-12-14,Uttar Pradesh,Lucknow,Vehicle Theft,20,Saturday,True,26.8467,80.9462,Motorcycle lifted from market parking lot during evening peak rush.,Hazratganj Main Market,CLOSED,MEDIUM
FIR-2024-09415,2024-12-15,Madhya Pradesh,Indore,Robbery / Snatching,22,Sunday,True,22.7230,75.8640,Mobile phone grabbed from pedestrian walking near darkness-covered underpass at late hour.,AB Road Junction,UNDER INVESTIGATION,HIGH
FIR-2024-09428,2024-12-16,Maharashtra,Pune,Cyber Fraud / Financial,10,Monday,False,18.5210,73.8580,Sim swap fraud initiated via compromised telecommunications vendor portal.,Koregaon Park Sector 2,UNDER INVESTIGATION,HIGH
FIR-2024-09440,2024-12-17,Gujarat,Surat,Narcotics / NDPS,23,Tuesday,False,21.1702,72.8311,Seizure of illegal narcotics packet during routine night vehicular patrol checkpoint.,Textile Market Highway,COURT TRIAL,HIGH
FIR-2024-09452,2024-12-18,West Bengal,Kolkata,Vehicle Theft,3,Wednesday,False,22.5740,88.3650,Four-wheeler broken into and audio system removed along with documents.,Salt Lake Sector 5,CLOSED,LOW
FIR-2024-09465,2024-12-19,Bihar,Patna,Assault / Grievous Hurt,20,Thursday,False,25.5941,85.1376,Argument over property boundary leading to physical assault with blunt object.,Boring Road Crossing,PENDING CHARGE,HIGH
FIR-2024-09478,2024-12-20,Kerala,Thiruvananthapuram,Cyber Fraud / Financial,14,Friday,False,8.5241,76.9366,Fake job offer portal collecting processing fees from engineering graduates.,Technopark Campus,UNDER INVESTIGATION,MEDIUM
FIR-2024-09490,2024-12-21,Karnataka,Bengaluru,Burglary / Breaking-in,1,Saturday,True,12.9720,77.5950,Locked villa broken into by cutting security grill during weekend vacation.,Whitefield Main Road,UNDER INVESTIGATION,HIGH
